Category,Component,Description,Status,SLA Target,Current Performance,Notes
System Architecture,Strategy Intake Service,User form submission and business context collection,Operational,<2s response time,825ms average,93% improvement achieved via 7-step optimization
System Architecture,OPAL Integration Service,Webhook-based agent orchestration with 9 specialized agents,Operational,<30min total execution,<10min average,All 9 agents operational
System Architecture,OSA Processing Service,AI-powered insight generation and recommendation synthesis,Operational,<5s processing time,<2s average,Real-time streaming with React Query caching
System Architecture,Admin Dashboard Service,System monitoring and management interface,Operational,<1s load time,300ms average,Controlled SSE streaming + intelligent cache invalidation
System Architecture,Security Layer,HMAC authentication with PII protection and audit logging,Operational,100% validation,100% compliance,Enterprise-grade security
System Architecture,Knowledge Base Service,RAG-enabled semantic search and learning system,Operational,<500ms query time,<200ms average,Supabase pgvector integration

Business Capabilities,AI Strategy Generation,9 OPAL agents providing comprehensive strategy analysis,Active,85% confidence score,88% average,Content Review + Audience Suggester + Experimentation
Business Capabilities,Real-Time Monitoring,Controlled SSE streaming with React Query caching for optimized data flow,Active,<100ms latency,<50ms average,7-step optimization: polling→streaming→intelligent caching
Business Capabilities,Optimizely Integration,Native integration with ODP CMP Content Recs Experimentation,Active,99% availability,99.9% actual,Circuit breaker patterns implemented
Business Capabilities,Security & Compliance,GDPR compliance with automated PII protection and audit trails,Active,100% compliance,100% achieved,Automated data retention policies

Key Performance Indicators,Daily Workflow Completions,Number of successful strategy workflows completed daily,500 current,2000 target (6mo),550 average,10% growth month-over-month
Key Performance Indicators,Agent Success Rate,Percentage of OPAL agents completing successfully,Target: 95%,Current: 96%,Exceeding Target,93% performance improvement + React Query retry logic
Key Performance Indicators,User Engagement Score,User interaction and satisfaction metrics,Target: 4.5/5,Current: 4.2/5,Stable,Based on usage patterns and feedback
Key Performance Indicators,System Availability,Overall system uptime percentage,Target: 99.9%,Current: 99.95%,Exceeding,Comprehensive monitoring implemented

Risk Assessment,OPAL Agent Failures,Risk of individual agent timeout or execution failure,Medium Risk,<5% failure rate,3% current,Retry logic + fallback data implemented
Risk Assessment,Webhook Delivery Failures,Risk of webhook delivery failures impacting data flow,Low Risk,<1% failure rate,0.2% current,5 retry attempts + exponential backoff
Risk Assessment,API Rate Limiting,Risk of hitting external API limits during peak usage,Low Risk,<2% throttling,<0.5% current,Circuit breakers + intelligent retry
Risk Assessment,Security Breaches,Risk of unauthorized access or data exposure,Very Low Risk,Zero tolerance,Zero incidents,HMAC + PII protection + audit logging

Critical Success Factors,Agent Orchestration,Reliable execution of 9 OPAL agents within SLA timeframes,✅ Achieved,<300s per agent,<120s average,Error handling + recovery procedures
Critical Success Factors,Data Flow Integrity,Ensuring complete data flow from intake to insight delivery,✅ Achieved,100% data integrity,100% maintained,Schema validation + transaction handling
Critical Success Factors,Real-Time Updates,Providing live status updates throughout workflow execution,✅ Achieved,<1s update latency,<500ms actual,SSE streaming + intelligent caching
Critical Success Factors,Security Compliance,Maintaining enterprise-grade security and compliance standards,✅ Achieved,100% compliance,100% maintained,GDPR + audit logging + PII protection

Next Quarter Priorities,Performance Optimization,Further optimize agent execution times and system responsiveness,✅ COMPLETED Q4 2025,Target: <1s avg,Achieved: 825ms avg,93% improvement via 7-step webhook optimization
Next Quarter Priorities,Advanced Analytics,Implement predictive analytics and ML-powered insights,Planned Q1 2026,Target: 90% accuracy,Research phase,Integration with existing agent outputs
Next Quarter Priorities,Multi-Environment Support,Add staging and testing environment support,Planned Q1 2026,Target: 3 environments,1 current (prod),Development and staging environments
Next Quarter Priorities,Enhanced Reporting,Advanced reporting and dashboard customization features,Planned Q2 2026,Target: 10 report types,3 current,User-customizable dashboards